GROUP,PACKAGE,CLASS,INSTRUCTION_MISSED,INSTRUCTION_COVERED,BRANCH_MISSED,BRANCH_COVERED,LINE_MISSED,LINE_COVERED,COMPLEXITY_MISSED,COMPLEXITY_COVERED,METHOD_MISSED,METHOD_COVERED
JaCoCo Coverage Report,com.mycompany.knstore,ApplicationWebXml,15,0,0,0,3,0,2,0,2,0
JaCoCo Coverage Report,com.mycompany.knstore,KnstoreApp,125,24,8,2,25,10,8,3,3,3
JaCoCo Coverage Report,com.mycompany.knstore.domain.enumeration,EstadoTipoDocumento,3,25,0,0,1,6,1,2,1,2
JaCoCo Coverage Report,com.mycompany.knstore.domain.enumeration,EstadoPedido,30,91,13,13,5,18,11,8,1,3
JaCoCo Coverage Report,com.mycompany.knstore.domain.enumeration,EstadoIVA,0,15,0,0,0,3,0,1,0,1
JaCoCo Coverage Report,com.mycompany.knstore.domain.enumeration,Genero,3,32,0,0,1,7,1,2,1,2
JaCoCo Coverage Report,com.mycompany.knstore.domain.enumeration,UbicacionBodega,0,39,0,0,0,7,0,1,0,1
JaCoCo Coverage Report,com.mycompany.knstore.domain.enumeration,TipoServicioEnvio,3,46,0,0,1,9,1,2,1,2
JaCoCo Coverage Report,com.mycompany.knstore.domain.enumeration,EstadoEnvio,3,60,0,0,1,11,1,2,1,2
JaCoCo Coverage Report,com.mycompany.knstore.domain.enumeration,MetodoPago,3,66,0,0,1,12,1,2,1,2
JaCoCo Coverage Report,com.mycompany.knstore.domain.enumeration,EstadoPago,3,53,0,0,1,10,1,2,1,2
JaCoCo Coverage Report,com.mycompany.knstore.service,CheckoutService,57,772,22,43,10,168,25,24,3,12
JaCoCo Coverage Report,com.mycompany.knstore.service,CheckoutService.TotalesCheckout,0,12,0,0,0,1,0,1,0,1
JaCoCo Coverage Report,com.mycompany.knstore.service,CheckoutException,0,4,0,0,0,2,0,1,0,1
JaCoCo Coverage Report,com.mycompany.knstore.service,MailService,25,252,3,3,9,58,3,10,0,10
JaCoCo Coverage Report,com.mycompany.knstore.service,UserService,7,627,9,25,3,169,9,38,0,30
JaCoCo Coverage Report,com.mycompany.knstore.service,UsernameAlreadyUsedException,0,4,0,0,0,2,0,1,0,1
JaCoCo Coverage Report,com.mycompany.knstore.service,InvalidPasswordException,0,4,0,0,0,2,0,1,0,1
JaCoCo Coverage Report,com.mycompany.knstore.service,ResourceAccessService,243,483,106,58,63,113,86,35,11,28
JaCoCo Coverage Report,com.mycompany.knstore.service,EmailAlreadyUsedException,0,4,0,0,0,2,0,1,0,1
JaCoCo Coverage Report,com.mycompany.knstore.domain,TipoDocumento,0,90,0,8,0,32,0,20,0,16
JaCoCo Coverage Report,com.mycompany.knstore.domain,User,0,153,0,8,0,50,0,34,0,30
JaCoCo Coverage Report,com.mycompany.knstore.domain,Envio,0,235,0,8,0,91,0,50,0,46
JaCoCo Coverage Report,com.mycompany.knstore.domain,ItemPedido,0,244,0,8,0,96,0,53,0,49
JaCoCo Coverage Report,com.mycompany.knstore.domain,ProductoInventario,0,128,0,12,0,47,0,28,0,22
JaCoCo Coverage Report,com.mycompany.knstore.domain,Subcategoria,0,144,0,8,0,55,0,32,0,28
JaCoCo Coverage Report,com.mycompany.knstore.domain,Producto,5,338,2,10,2,129,3,71,1,67
JaCoCo Coverage Report,com.mycompany.knstore.domain,Pedido,0,255,0,12,0,99,0,55,0,49
JaCoCo Coverage Report,com.mycompany.knstore.domain,Cuenta,1,260,3,11,0,98,3,54,0,50
JaCoCo Coverage Report,com.mycompany.knstore.domain,ProductoImagen,5,125,0,8,2,47,1,28,1,24
JaCoCo Coverage Report,com.mycompany.knstore.domain,AbstractAuditingEntity,0,37,0,0,0,17,0,9,0,9
JaCoCo Coverage Report,com.mycompany.knstore.domain,Direccion,0,209,0,12,0,82,0,46,0,40
JaCoCo Coverage Report,com.mycompany.knstore.domain,Categoria,0,132,0,8,0,50,0,29,0,25
JaCoCo Coverage Report,com.mycompany.knstore.domain,Pago,10,189,0,8,4,73,2,42,2,38
JaCoCo Coverage Report,com.mycompany.knstore.domain,Carrito,0,89,0,8,0,31,0,20,0,16
JaCoCo Coverage Report,com.mycompany.knstore.domain,Authority,0,47,0,8,0,14,0,11,0,7
JaCoCo Coverage Report,com.mycompany.knstore.domain,ItemCarrito,0,115,0,8,0,42,0,26,0,22
JaCoCo Coverage Report,com.mycompany.knstore.domain,HistorialEstado,87,59,8,0,31,25,15,17,11,17
JaCoCo Coverage Report,com.mycompany.knstore.domain,Marca,0,75,0,8,0,26,0,17,0,13
JaCoCo Coverage Report,com.mycompany.knstore.domain,EtiquetaProducto,0,73,0,8,0,25,0,17,0,13
JaCoCo Coverage Report,com.mycompany.knstore.domain,Factura,5,256,0,8,2,100,1,55,1,51
JaCoCo Coverage Report,com.mycompany.knstore.domain,Secuencia,9,22,0,0,3,10,3,6,3,6
JaCoCo Coverage Report,com.mycompany.knstore.domain,ProductoPrecio,0,131,0,12,0,47,0,28,0,22
JaCoCo Coverage Report,com.mycompany.knstore.domain,CategoriaIVA,0,91,0,8,0,32,0,20,0,16
JaCoCo Coverage Report,com.mycompany.knstore.web.rest.vm,ManagedUserVM,0,14,0,0,0,6,0,4,0,4
JaCoCo Coverage Report,com.mycompany.knstore.web.rest.vm,LoginVM,6,24,0,0,1,10,1,7,1,7
JaCoCo Coverage Report,com.mycompany.knstore.web.rest.vm,KeyAndPasswordVM,0,17,0,0,0,7,0,5,0,5
JaCoCo Coverage Report,com.mycompany.knstore.config,CRLFLogConverter,0,141,0,14,0,24,0,12,0,5
JaCoCo Coverage Report,com.mycompany.knstore.config,SecurityConfiguration,0,369,0,0,0,45,0,12,0,12
JaCoCo Coverage Report,com.mycompany.knstore.config,WebConfigurer,23,116,7,9,6,30,7,8,1,6
JaCoCo Coverage Report,com.mycompany.knstore.config,DateTimeFormatConfiguration,0,14,0,0,0,5,0,2,0,2
JaCoCo Coverage Report,com.mycompany.knstore.config,StaticResourcesWebConfiguration,0,86,0,0,0,13,0,7,0,7
JaCoCo Coverage Report,com.mycompany.knstore.config,ApplicationProperties,0,3,0,0,0,1,0,1,0,1
JaCoCo Coverage Report,com.mycompany.knstore.config,JacksonConfiguration,0,11,0,0,0,3,0,3,0,3
JaCoCo Coverage Report,com.mycompany.knstore.config,LoggingAspectConfiguration,5,3,0,0,1,1,1,1,1,1
JaCoCo Coverage Report,com.mycompany.knstore.config,SecurityJwtConfiguration,10,78,4,6,2,18,3,8,0,6
JaCoCo Coverage Report,com.mycompany.knstore.config,AsyncConfiguration,39,10,0,0,8,4,2,2,2,2
JaCoCo Coverage Report,com.mycompany.knstore.config,LoggingConfiguration,11,42,4,4,3,12,4,1,0,1
JaCoCo Coverage Report,com.mycompany.knstore.config,DatabaseConfiguration,0,30,0,0,0,7,0,4,0,4
JaCoCo Coverage Report,com.mycompany.knstore.web.rest.errors,FieldErrorVM,0,21,0,0,0,8,0,4,0,4
JaCoCo Coverage Report,com.mycompany.knstore.web.rest.errors,InvalidPasswordException,0,14,0,0,0,7,0,1,0,1
JaCoCo Coverage Report,com.mycompany.knstore.web.rest.errors,EmailAlreadyUsedException,0,7,0,0,0,2,0,1,0,1
JaCoCo Coverage Report,com.mycompany.knstore.web.rest.errors,LoginAlreadyUsedException,0,7,0,0,0,2,0,1,0,1
JaCoCo Coverage Report,com.mycompany.knstore.web.rest.errors,ExceptionTranslator,97,414,22,66,10,81,19,50,1,24
JaCoCo Coverage Report,com.mycompany.knstore.web.rest.errors,ErrorConstants,0,16,0,0,0,5,0,1,0,1
JaCoCo Coverage Report,com.mycompany.knstore.web.rest.errors,BadRequestAlertException,10,34,0,0,3,13,3,2,3,2
JaCoCo Coverage Report,com.mycompany.knstore.service.invoice,FacturaPdfService,26,327,4,10,7,63,4,11,0,8
JaCoCo Coverage Report,com.mycompany.knstore.web.rest,ProductoInventarioResource,21,189,3,13,4,42,3,13,0,8
JaCoCo Coverage Report,com.mycompany.knstore.web.rest,FacturaResource,74,265,6,14,12,59,8,14,3,9
JaCoCo Coverage Report,com.mycompany.knstore.web.rest,EtiquetaProductoResource,19,201,3,13,3,44,3,13,0,8
JaCoCo Coverage Report,com.mycompany.knstore.web.rest,AuthenticateController,0,132,1,5,0,28,1,7,0,5
JaCoCo Coverage Report,com.mycompany.knstore.web.rest,ProductoResource,59,254,5,17,10,57,6,17,1,11
JaCoCo Coverage Report,com.mycompany.knstore.web.rest,AccountResource,24,178,3,21,5,51,5,19,2,10
JaCoCo Coverage Report,com.mycompany.knstore.web.rest,EnvioResource.CambiarEstadoEnvioRequest,6,0,0,0,1,0,1,0,1,0
JaCoCo Coverage Report,com.mycompany.knstore.web.rest,PagoResource.IniciarPagoRequestDTO,0,6,0,0,0,1,0,1,0,1
JaCoCo Coverage Report,com.mycompany.knstore.web.rest,AuthenticateController.JWTToken,4,9,0,0,2,4,1,2,1,2
JaCoCo Coverage Report,com.mycompany.knstore.web.rest,PagoResource,48,304,4,14,9,68,4,17,0,12
JaCoCo Coverage Report,com.mycompany.knstore.web.rest,PedidoResource.CancelarPedidoRequest,6,0,0,0,1,0,1,0,1,0
JaCoCo Coverage Report,com.mycompany.knstore.web.rest,PagoResource.CallbackPagoRequestDTO,0,15,0,0,0,1,0,1,0,1
JaCoCo Coverage Report,com.mycompany.knstore.web.rest,SubcategoriaResource,19,201,3,13,3,44,3,13,0,8
JaCoCo Coverage Report,com.mycompany.knstore.web.rest,DireccionResource,56,202,3,13,11,44,4,13,1,8
JaCoCo Coverage Report,com.mycompany.knstore.web.rest,PedidoResource.CambiarEstadoPedidoRequest,6,0,0,0,1,0,1,0,1,0
JaCoCo Coverage Report,com.mycompany.knstore.web.rest,PagoResource.ReembolsoRequestDTO,0,6,0,0,0,1,0,1,0,1
JaCoCo Coverage Report,com.mycompany.knstore.web.rest,EnvioResource,135,198,2,12,27,43,6,13,4,8
JaCoCo Coverage Report,com.mycompany.knstore.web.rest,CarritoResource,14,196,2,12,2,44,2,14,0,9
JaCoCo Coverage Report,com.mycompany.knstore.web.rest,PublicUserResource,3,55,1,1,1,11,1,4,0,4
JaCoCo Coverage Report,com.mycompany.knstore.web.rest,AuthorityResource,0,89,0,2,0,21,0,7,0,6
JaCoCo Coverage Report,com.mycompany.knstore.web.rest,CategoriaResource,14,198,2,12,2,43,2,13,0,8
JaCoCo Coverage Report,com.mycompany.knstore.web.rest,UserResource,47,251,11,13,9,42,8,12,0,8
JaCoCo Coverage Report,com.mycompany.knstore.web.rest,AccountResource.AccountResourceException,0,4,0,0,0,2,0,1,0,1
JaCoCo Coverage Report,com.mycompany.knstore.web.rest,PedidoResource,193,239,10,14,37,55,13,14,6,9
JaCoCo Coverage Report,com.mycompany.knstore.web.rest,EnvioResource.AsignarTrackingRequest,9,0,0,0,1,0,1,0,1,0
JaCoCo Coverage Report,com.mycompany.knstore.web.rest,CuentaResource,71,224,8,16,13,54,8,13,1,8
JaCoCo Coverage Report,com.mycompany.knstore.web.rest,MarcaResource,14,185,2,12,2,41,2,13,0,8
JaCoCo Coverage Report,com.mycompany.knstore.web.rest,TipoDocumentoResource,14,185,2,12,2,41,2,13,0,8
JaCoCo Coverage Report,com.mycompany.knstore.web.rest,ProductoPrecioResource,21,189,3,13,4,42,3,13,0,8
JaCoCo Coverage Report,com.mycompany.knstore.web.rest,ItemCarritoResource,14,215,2,12,2,50,2,13,0,8
JaCoCo Coverage Report,com.mycompany.knstore.web.rest,ProductoImagenResource,14,185,2,12,2,41,2,13,0,8
JaCoCo Coverage Report,com.mycompany.knstore.web.rest,ItemPedidoResource,14,185,2,12,2,41,2,13,0,8
JaCoCo Coverage Report,com.mycompany.knstore.web.rest,CategoriaIVAResource,14,185,2,12,2,41,2,13,0,8
JaCoCo Coverage Report,com.mycompany.knstore.config.dbmigrations,CatalogSeedImagesMigration,226,131,23,1,52,8,15,3,3,3
JaCoCo Coverage Report,com.mycompany.knstore.config.dbmigrations,CatalogSeedMigration.ModeloModelo,0,18,0,0,0,1,0,1,0,1
JaCoCo Coverage Report,com.mycompany.knstore.config.dbmigrations,SecuenciasIndexMigration,7,24,0,0,2,8,1,2,1,2
JaCoCo Coverage Report,com.mycompany.knstore.config.dbmigrations,ProductoIndexesMigration,54,54,9,1,11,11,6,4,1,4
JaCoCo Coverage Report,com.mycompany.knstore.config.dbmigrations,ProductoIndexesMigration.new IndexDefinition() {...},0,21,0,0,0,3,0,3,0,3
JaCoCo Coverage Report,com.mycompany.knstore.config.dbmigrations,CatalogSeedMigration,760,361,37,1,153,8,33,3,14,3
JaCoCo Coverage Report,com.mycompany.knstore.config.dbmigrations,CatalogSeedMigration.PrecioModelo,9,0,0,0,1,0,1,0,1,0
JaCoCo Coverage Report,com.mycompany.knstore.config.dbmigrations,CuentaIndexesMigration,7,28,0,0,2,9,1,2,1,2
JaCoCo Coverage Report,com.mycompany.knstore.config.dbmigrations,InitialSetupMigration,137,309,7,3,32,81,7,10,2,10
JaCoCo Coverage Report,com.mycompany.knstore.config.dbmigrations,UserUniqueIndexesMigration,83,179,4,6,18,33,6,7,3,5
JaCoCo Coverage Report,com.mycompany.knstore.web.filter,InvalidBearerTokenFilter,0,77,1,7,0,21,1,8,0,5
JaCoCo Coverage Report,com.mycompany.knstore.web.filter,InvalidBearerTokenFilter.new HttpServletRequestWrapper() {...},4,10,1,1,1,3,1,2,0,2
JaCoCo Coverage Report,com.mycompany.knstore.web.filter,SpaWebFilter,0,42,2,8,0,12,2,5,0,2
JaCoCo Coverage Report,com.mycompany.knstore.service.impl,EtiquetaProductoServiceImpl,0,142,0,0,0,29,0,10,0,10
JaCoCo Coverage Report,com.mycompany.knstore.service.impl,SecuenciaServiceImpl,2,109,2,4,0,14,2,6,0,5
JaCoCo Coverage Report,com.mycompany.knstore.service.impl,CategoriaServiceImpl,0,132,0,0,0,28,0,9,0,9
JaCoCo Coverage Report,com.mycompany.knstore.service.impl,SubcategoriaServiceImpl,0,142,0,0,0,29,0,10,0,10
JaCoCo Coverage Report,com.mycompany.knstore.service.impl,ProductoPrecioServiceImpl,31,239,7,9,6,56,8,14,2,12
JaCoCo Coverage Report,com.mycompany.knstore.service.impl,MarcaServiceImpl,0,136,0,0,0,28,0,9,0,9
JaCoCo Coverage Report,com.mycompany.knstore.service.impl,DireccionServiceImpl,38,362,9,19,5,77,9,26,2,19
JaCoCo Coverage Report,com.mycompany.knstore.service.impl,ProductoInventarioServiceImpl,0,166,0,2,0,37,0,12,0,11
JaCoCo Coverage Report,com.mycompany.knstore.service.impl,ProductoImagenServiceImpl,0,134,0,0,0,32,0,9,0,9
JaCoCo Coverage Report,com.mycompany.knstore.service.impl,ItemCarritoServiceImpl,110,278,9,11,24,65,16,17,7,16
JaCoCo Coverage Report,com.mycompany.knstore.service.impl,PedidoServiceImpl,178,342,19,19,29,75,23,21,9,16
JaCoCo Coverage Report,com.mycompany.knstore.service.impl,FacturaServiceImpl,17,278,5,9,2,66,5,19,0,17
JaCoCo Coverage Report,com.mycompany.knstore.service.impl,ItemPedidoServiceImpl,0,248,0,4,0,56,0,18,0,16
JaCoCo Coverage Report,com.mycompany.knstore.service.impl,EnvioServiceImpl,78,468,20,24,13,101,24,25,4,21
JaCoCo Coverage Report,com.mycompany.knstore.service.impl,PagoServiceImpl,66,837,24,66,8,189,27,45,3,24
JaCoCo Coverage Report,com.mycompany.knstore.service.impl,CuentaServiceImpl,23,218,1,11,3,44,2,17,1,12
JaCoCo Coverage Report,com.mycompany.knstore.service.impl,ProductoServiceImpl,108,821,35,65,18,161,35,50,1,34
JaCoCo Coverage Report,com.mycompany.knstore.service.impl,TipoDocumentoServiceImpl,0,136,0,0,0,28,0,9,0,9
JaCoCo Coverage Report,com.mycompany.knstore.service.impl,CarritoServiceImpl,0,242,0,4,0,49,0,16,0,14
JaCoCo Coverage Report,com.mycompany.knstore.service.impl,CategoriaIVAServiceImpl,0,136,0,0,0,28,0,9,0,9
JaCoCo Coverage Report,com.mycompany.knstore.service.impl,HistorialEstadoServiceImpl,1,122,2,2,1,27,2,5,0,5
JaCoCo Coverage Report,com.mycompany.knstore.service.payment,PaymentGateway.CallbackPayload,0,15,0,0,0,1,0,1,0,1
JaCoCo Coverage Report,com.mycompany.knstore.service.payment,PaymentGateway.ResultadoCallback,0,12,0,0,0,1,0,1,0,1
JaCoCo Coverage Report,com.mycompany.knstore.service.payment,SimulatedPaymentGateway,0,69,0,2,0,14,0,7,0,6
JaCoCo Coverage Report,com.mycompany.knstore.service.mapper,MarcaMapperImpl,63,67,12,8,17,21,10,6,2,4
JaCoCo Coverage Report,com.mycompany.knstore.service.mapper,SubcategoriaMapperImpl,141,226,33,25,39,65,23,15,3,6
JaCoCo Coverage Report,com.mycompany.knstore.service.mapper,EtiquetaProductoMapperImpl,722,210,153,17,205,60,91,15,9,12
JaCoCo Coverage Report,com.mycompany.knstore.service.mapper,CarritoMapperImpl,305,182,71,15,87,53,45,11,5,8
JaCoCo Coverage Report,com.mycompany.knstore.service.mapper,CuentaMapperImpl,71,419,21,55,20,119,19,31,2,10
JaCoCo Coverage Report,com.mycompany.knstore.service.mapper,CategoriaMapperImpl,63,145,13,19,17,42,11,11,2,4
JaCoCo Coverage Report,com.mycompany.knstore.service.mapper,DireccionMapperImpl,305,287,70,30,87,81,44,19,5,8
JaCoCo Coverage Report,com.mycompany.knstore.service.mapper,ProductoInventarioMapperImpl,63,97,12,12,17,29,10,8,2,4
JaCoCo Coverage Report,com.mycompany.knstore.service.mapper,ItemCarritoMapperImpl,1088,311,230,24,310,88,138,19,15,15
JaCoCo Coverage Report,com.mycompany.knstore.service.mapper,UserMapper,95,135,12,6,26,38,11,12,5,9
JaCoCo Coverage Report,com.mycompany.knstore.service.mapper,ProductoImagenMapperImpl,722,284,154,28,205,80,92,20,9,12
JaCoCo Coverage Report,com.mycompany.knstore.service.mapper,ProductoPrecioMapperImpl,63,97,14,10,17,29,12,6,2,4
JaCoCo Coverage Report,com.mycompany.knstore.service.mapper,PedidoMapperImpl,412,419,105,35,117,116,66,20,6,10
JaCoCo Coverage Report,com.mycompany.knstore.service.mapper,CategoriaIVAMapperImpl,63,82,13,9,17,25,11,6,2,4
JaCoCo Coverage Report,com.mycompany.knstore.service.mapper,ItemPedidoMapperImpl,1321,489,278,46,374,135,162,32,16,16
JaCoCo Coverage Report,com.mycompany.knstore.service.mapper,EnvioMapperImpl,662,331,145,27,186,92,89,14,9,8
JaCoCo Coverage Report,com.mycompany.knstore.service.mapper,ProductoMapperImpl,500,623,123,49,142,172,82,29,8,17
JaCoCo Coverage Report,com.mycompany.knstore.service.mapper,PagoMapperImpl,670,293,144,24,188,82,88,13,9,8
JaCoCo Coverage Report,com.mycompany.knstore.service.mapper,TipoDocumentoMapperImpl,63,82,12,10,17,25,10,7,2,4
JaCoCo Coverage Report,com.mycompany.knstore.service.mapper,FacturaMapperImpl,845,338,176,30,237,94,107,15,12,7
JaCoCo Coverage Report,com.mycompany.knstore.management,SecurityMetersService,0,57,0,0,0,18,0,6,0,6
JaCoCo Coverage Report,com.mycompany.knstore.service.util,InMemoryPageUtils,39,0,4,0,7,0,3,0,1,0
JaCoCo Coverage Report,com.mycompany.knstore.service.util,MongoIdUtils,0,20,0,4,0,2,0,4,0,2
JaCoCo Coverage Report,com.mycompany.knstore.service.util,MoneyUtils,0,31,0,6,0,7,0,6,0,3
JaCoCo Coverage Report,com.mycompany.knstore.aop.logging,LoggingAspect,117,0,10,0,25,0,11,0,6,0
JaCoCo Coverage Report,com.mycompany.knstore.security,UserNotActivatedException,5,4,0,0,2,2,1,1,1,1
JaCoCo Coverage Report,com.mycompany.knstore.security,SecurityUtils,4,161,3,19,2,29,3,23,0,15
JaCoCo Coverage Report,com.mycompany.knstore.security,SpringSecurityAuditorAware,0,9,0,0,0,2,0,2,0,2
JaCoCo Coverage Report,com.mycompany.knstore.security,DomainUserDetailsService.UserWithId,7,30,0,0,2,9,2,3,2,3
JaCoCo Coverage Report,com.mycompany.knstore.security,DomainUserDetailsService,6,79,0,4,0,18,1,9,1,7
JaCoCo Coverage Report,com.mycompany.knstore.service.dto,TipoDocumentoDTO,0,75,0,6,0,27,0,15,0,12
JaCoCo Coverage Report,com.mycompany.knstore.service.dto,PedidoDTO,0,179,0,6,0,70,0,37,0,34
JaCoCo Coverage Report,com.mycompany.knstore.service.dto,SubcategoriaDTO,0,110,0,6,0,42,0,23,0,20
JaCoCo Coverage Report,com.mycompany.knstore.service.dto,CheckoutPreviewDTO,0,31,0,0,0,13,0,9,0,9
JaCoCo Coverage Report,com.mycompany.knstore.service.dto,PagoDTO,0,147,0,6,0,57,0,31,0,28
JaCoCo Coverage Report,com.mycompany.knstore.service.dto,FacturaDTO,0,189,0,6,0,74,0,39,0,36
JaCoCo Coverage Report,com.mycompany.knstore.service.dto,DireccionDTO,0,138,0,6,0,55,0,29,0,26
JaCoCo Coverage Report,com.mycompany.knstore.service.dto,ItemPedidoDTO,0,180,0,6,0,71,0,37,0,34
JaCoCo Coverage Report,com.mycompany.knstore.service.dto,CategoriaDTO,0,100,0,6,0,38,0,21,0,18
JaCoCo Coverage Report,com.mycompany.knstore.service.dto,CategoriaIVADTO,0,76,0,6,0,27,0,15,0,12
JaCoCo Coverage Report,com.mycompany.knstore.service.dto,ItemCarritoDTO,0,96,0,6,0,35,0,19,0,16
JaCoCo Coverage Report,com.mycompany.knstore.service.dto,AdminUserDTO,0,190,0,0,0,58,0,29,0,29
JaCoCo Coverage Report,com.mycompany.knstore.service.dto,CheckoutResultDTO,0,17,0,0,0,7,0,5,0,5
JaCoCo Coverage Report,com.mycompany.knstore.service.dto,CheckoutItemDTO,0,17,0,0,0,7,0,5,0,5
JaCoCo Coverage Report,com.mycompany.knstore.service.dto,ProductoPrecioDTO,0,87,0,6,0,31,0,17,0,14
JaCoCo Coverage Report,com.mycompany.knstore.service.dto,ProductoImagenDTO,0,101,0,6,0,38,0,21,0,18
JaCoCo Coverage Report,com.mycompany.knstore.service.dto,EtiquetaProductoDTO,0,66,0,6,0,23,0,13,0,10
JaCoCo Coverage Report,com.mycompany.knstore.service.dto,ProductoInventarioDTO,0,84,0,6,0,31,0,17,0,14
JaCoCo Coverage Report,com.mycompany.knstore.service.dto,CheckoutRequestDTO,0,38,0,0,0,16,0,11,0,11
JaCoCo Coverage Report,com.mycompany.knstore.service.dto,CuentaDTO,0,195,0,12,0,72,0,41,0,35
JaCoCo Coverage Report,com.mycompany.knstore.service.dto,HistorialEstadoDTO,29,59,4,0,6,25,4,17,2,17
JaCoCo Coverage Report,com.mycompany.knstore.service.dto,PasswordChangeDTO,11,15,0,0,6,6,3,3,3,3
JaCoCo Coverage Report,com.mycompany.knstore.service.dto,CarritoDTO,0,77,0,6,0,27,0,15,0,12
JaCoCo Coverage Report,com.mycompany.knstore.service.dto,UserDTO,61,28,14,0,10,12,10,6,3,6
JaCoCo Coverage Report,com.mycompany.knstore.service.dto,EnvioDTO,0,173,0,6,0,67,0,35,0,32
JaCoCo Coverage Report,com.mycompany.knstore.service.dto,MarcaDTO,0,65,0,6,0,23,0,13,0,10
JaCoCo Coverage Report,com.mycompany.knstore.service.dto,ProductoDTO,0,221,0,6,0,88,0,45,0,42
